gap_id,priority,gap_class,domain,gap_description,why_it_matters,current_measurement_state,attack_strategy,falsification_question,alternative_explanations,notes
GAP-001,highest,coverage,informal_economy,"Barter, unregistered work, informal credit, undeclared trade and other activity are weakly observed.","Formal economic statistics can miss substantial local activity.",UNKNOWN,"Compare household surveys, tax gaps, labour-force surveys, transaction studies and source-specific estimates.","Would the apparent economic structure remain if plausible informal activity were included?","Measurement under-reporting; definitional differences; illegal activity hidden by design.",
GAP-002,highest,coverage,cultural_capacity,"Actual local venues, independent media, festivals, clubs and amateur groups are not equivalent to consumption measures.","Consumption can remain high while local production capacity erodes.",PARTIALLY_KNOWN,"Build place-time inventories of active organisations, facilities, participants, outputs and survival.","Does high consumption persist after local production capacity falls?","Migration; digitisation; consolidation; changes in reporting.",
GAP-003,highest,coverage,information_ecology,"Places may be discussed extensively while producing little local journalism or agenda-setting information.","External attention is not the same as local voice.",PARTIALLY_KNOWN,"Separate about/by/for/with-place information and compare local versus external contribution and attention.","Does high external attention predict local information capacity, or can the two diverge?","Tourism; crisis coverage; platform effects; population size.",
GAP-004,highest,coverage,human_capability,"Formal education counts do not capture practical skills, maintenance capacity, organisation or institutional memory.","Capability stocks can erode before outputs visibly decline.",UNKNOWN,"Measure practitioners, transmission, retirement/exit, maintenance and institutional-memory indicators.","Can observed capability decline be distinguished from changing demand or technology substitution?","Automation; migration; ageing; changing task requirements.",
GAP-005,highest,measurement,place_metabolism,"Local extraction, imports, processing, waste, recycling and exports are poorly represented compared with national aggregates.","A place's physical metabolism can differ sharply from national averages.",PARTIALLY_KNOWN,"Track directed material flows with quantity, processing stage, destination and recovery status.","Does the apparent prosperity of a place persist when physical inputs, waste and exports are included?","Boundary choice; supply-chain relocation; accounting conventions.",
GAP-006,strong,coverage,security,"Security provision can be distributed among state, private, community, militia, religious, customary and criminal providers.","Recorded crime alone cannot describe who actually provides security or coercive capacity.",UNKNOWN,"Map provider presence, functions, coverage, reliance and relationships to other providers.","Do changes in recorded crime remain after changes in security-provider structure are accounted for?","Reporting changes; enforcement intensity; conflict; institutional substitution.",
GAP-007,strong,temporal_resolution,system_states,"Annual indicators can miss rapid transitions and regime shifts.","Boom, decline, reconstruction and consolidation can occur between annual observations.",PARTIALLY_KNOWN,"Use event/change-point metadata and non-annual observations where defensible.","Would the inferred transition timing change materially with monthly/quarterly data?","Seasonality; reporting delays; boundary changes; temporary shocks.",
GAP-008,strong,measurement,definitions,"Variable definitions, boundaries and denominators change over time and across sources.","Apparent trends may be measurement artefacts.",PARTIALLY_KNOWN,"Require definition, methodology, denominator, boundary and source-vintage metadata.","Does the relationship survive a defensible harmonisation or source-stratified analysis?","Real change; reclassification; survey redesign; boundary revisions.",
GAP-009,strong,methodology,agent_analysis,"Proposed patterns can become stories if alternative explanations and falsification tests are not required.","Epistemic guardrails are necessary for autonomous discovery.",PARTIALLY_KNOWN,"Require alternative explanations, confounders, reverse causality, selection bias, measurement change and falsification tests.","What observation would make the obvious interpretation wrong?","Confirmation bias; collider bias; omitted variables; model selection.",
GAP-010,strong,coverage,cultural_flows,"Cross-border cultural influence needs exposure, consumption, adoption, local reproduction, hybridisation and return-flow measures.","A single cultural-share number hides direction and mutation.",PARTIALLY_KNOWN,"Track directed place-time flows and variant parentage.","Does an apparent foreign-origin influence disappear when local reproduction and hybridisation are separated?","Common global platforms; language; migration; ownership; production location.",
GAP-011,strong,paired_distinction,employment,"Employed people / vacancies / advertised jobs / filled jobs are not equivalent and are rarely measured consistently.","Using one as a proxy for another obscures labour market structure.",UNKNOWN,"Collect all four measures with consistent definitions and denominators for comparable places.","Would labour market analysis change materially if all four distinctions were properly recorded?","Confirmation bias; poor survey design; administrative data limitations.",
GAP-012,strong,paired_distinction,housing,"Housing stock / occupied housing / available housing are not equivalent and are rarely measured consistently.","Using one as a proxy for another obscures housing conditions.",UNKNOWN,"Collect all three measures with consistent definitions and denominators for comparable places.","Would housing analysis change materially if all three distinctions were properly recorded?","Administrative data limitations; definition variability; boundary changes.",
GAP-013,strong,paired_distinction,crime,"Crime occurring / reported / recorded / arrests / prosecutions / convictions are not equivalent and are rarely measured consistently.","Using one as a proxy for another obscures criminal justice dynamics.",UNKNOWN,"Collect all six measures with consistent definitions and boundaries for comparable places.","Would criminal justice analysis change materially if all six distinctions were properly recorded?","Reporting changes; reclassification; enforcement intensity; legal process differences.",
GAP-014,strong,paired_distinction,health,"Incidence / prevalence / diagnosis / mortality are not equivalent and are rarely measured consistently.","Using one as a proxy for another obscures health dynamics.",UNKNOWN,"Collect all four measures with consistent definitions and denominators for comparable places.","Would health analysis change materially if all four distinctions were properly recorded?","Diagnosis coding changes; definition drift; demographic shifts.",
GAP-015,strong,paired_distinction,cultural,"Cultural exposure / consumption / adoption / production / influence are not equivalent and are rarely measured consistently.","Using one as a proxy for another obscures cultural dynamics.",UNKNOWN,"Collect all five measures with consistent definitions for comparable places and periods.","Would cultural analysis change materially if all five distinctions were properly recorded?","Platform metrics; consumption data; ownership records do not capture adoption or influence.",
GAP-016,high,coverage,language_evolution,"Word-level language evolution with reliable dates and geographic provenance is not systematically tracked.","Borrowing direction, semantic change and geographic spread lack reliable provenance.",UNKNOWN,"Build a word-level language evolution register with etymology, borrowing direction, geographic spread and semantic change timestamps.","Would language change analysis be improved with word-level provenance?","Common global platforms; language leveling; migration patterns.",
GAP-017,high,coverage,informal_workers,"Informal workers and their characteristics are not captured in formal labour statistics.","The informal workforce can be substantial yet invisible to policy and planning.",PARTIALLY_KNOWN,"Survey informal employment; cross-reference with tax informal sector estimates; collect occupation and sector data.","Does the informal workforce share change when formal employment shifts?","Economic cycles; digitisation; regulatory changes.",
GAP-018,high,measurement,attention_vs_presence,"Attention and information production are not equivalent to physical presence or importance.","High attention does not guarantee local influence or importance.",PARTIALLY_KNOWN,"Separate explicit, inferred and unknown connection to a place; measure information production separately from attention.","Does high external attention predict local information capacity, or can the two diverge?","Tourism; crisis coverage; platform effects; population size.",
GAP-019,high,methodology,cross_country_comparability,"Comparable small-area socioeconomic data across every country/territory is not available.","Aggregating to national level loses local variation; local data uses incompatible definitions.",UNKNOWN,"Produce harmonised small-area estimates with documented definitions, boundaries and methods for every country.","Would cross-country analysis be improved with truly comparable small-area data?","Boundary revisions; survey redesign; administrative data differences.",
GAP-020,high,temporal_resolution,long_historical_stable,"Long historical series with stable geographic boundaries is not available.","Annual data with changing boundaries prevents observing true long-term trends.",PARTIALLY_KNOWN,"Reconstruct historical series using consistent boundary definitions and documented methodology changes.","Would trend analysis be improved with long series and stable boundaries?","Boundary revisions; survey redesign; administrative data differences.",
GAP-021,highest,architecture,interaction_topology,"Cross-domain relationships are not consistently preserved as first-class, time-bounded edges between entities.","Analyses can otherwise reconstruct relationships ad hoc and lose direction, reciprocity, persistence, network structure or relationship-level provenance.",PARTIALLY_KNOWN,"Use the general interaction graph to record entity-to-entity relationships, temporal validity, evidence status, strength where available, observations and event links.","Do important cross-domain findings change when network structure is represented explicitly rather than inferred from co-occurring observations?","Entity-resolution errors; missing links; reporting bias; false relationship inference.","Schema support added in schema/interactions.sql; population of the graph remains future work.")
