observation_id,source_id,language,term,ancestor_or_source,ancestor_language,relation_type,earliest_attestation_or_period,semantic_note,evidence_type,confidence,notes
ETY_0001,ETYMONLINE,en,word,*wurda-,Proto-Germanic,inherited,Old English,Modern word descends from Germanic speech/utterance term; Etymonline links Germanic cognates including German Wort and Old Norse orð,observed_reference,high,Reconstructed Proto-Germanic form marked with asterisk
ETY_0002,ETYMONLINE,en,multilingual,multi- + lingua,Latin plus PIE *dnghu-,compound_borrowing,1832,Modern sense combines many with tongue/language; source traces lingua to an Indo-European tongue root,observed_reference,high,Links lexical formation with deeper cross-language ancestry
ETY_0003,CNRTL_ETYM,fr,diction,dictio,Latin,inherited_or_borrowed,1176-1184,Early French sense means word/expression; later sense develops toward manner of speaking,observed_reference,high,CNRTL gives dated French attestations and Latin source
ETY_0004,CNRTL_ETYM,fr,dictionnaire,dictionarium,Medieval Latin,borrowed,ca. 1501,Dictionary term derives from Medieval Latin and later develops shortened colloquial dico form,observed_reference,high,CNRTL records ca.1501 and 1885 attestations
ETY_0005,CNRTL_ETYM,fr,lexique,lexikon,Ancient Greek,borrowed,1563,Term moves from a dictionary/book of words toward collections of an author's or field's vocabulary,observed_reference,high,CNRTL records multiple dated semantic stages
ETY_0006,TRECCANI_ETYM,it,etimologia,etymologia,Latin from Ancient Greek,borrowed,Historical,Italian term continues Greek/Latin scholarly terminology for word history and origin,observed_reference,high,Treccani explicitly describes phonetic morphological and semantic evolution as part of etymology
ETY_0007,TRECCANI_ETYM,it,origine,origo,Latin,inherited_or_borrowed,Historical,Italian word traces to Latin origo from oriri meaning rise/be born/proceed/begin,observed_reference,high,Useful bridge between lexical history and concepts of origin
ETY_0008,WIKTIONARY_ETYM,en,etymology,ethymologie,Middle English via Old French and Latin,borrowed,Middle English,Modern term traces through Old French and Latin to Ancient Greek etymologia,observed_reference,medium,Community-maintained etymology tree; preserve source confidence separately
ETY_0009,WIKTIONARY_ETYM,en,multilingual,multi- + lingual,Latin roots via English formation,derived,1832,Shows modern English compound formation built from Latin-derived elements,observed_reference,medium,Use as relational lexical graph rather than sole authority
